REGION,YEAR,WEEK,%UNWEIGHTED ILI,tempmax,tempmin,temp,humidity,precip,windspeedmean,solarradiation,uvindex
Nevada,2010,40,1.66683,86.24285714,44.88571429,64.62857143,37.52857143,0.016285714,2.342857143,222.4714286,7.285714286
Nevada,2010,41,1.63633,59.92857143,42.7,50.7,71.64285714,0.179714286,3.828571429,167.6142857,6.428571429
Nevada,2010,42,1.5086,71.61428571,40.28571429,55.17142857,54.78571429,0,2.585714286,203.1285714,7.142857143
Nevada,2010,43,2.14451,60.62857143,40.42857143,50.32857143,63.62857143,0.044285714,4.214285714,158.4857143,6
Nevada,2010,44,1.76761,53.65714286,36.14285714,44.67142857,52.74285714,0.189714286,7.657142857,154.6857143,6
Nevada,2010,45,0.805239,65.24285714,35.18571429,48.1,62.5,0,2.614285714,144.4285714,5.428571429
Nevada,2010,46,2.63276,45.77142857,27.61428571,36.25714286,68.71428571,0.063571429,4.142857143,131.6428571,5.428571429
Nevada,2010,47,3.10198,54.02857143,31.88571429,42.17142857,56.44285714,0.030285714,7.714285714,136.6,5.571428571
Nevada,2010,48,2.89043,35.88571429,15.42857143,25.78571429,64.97142857,0.052714286,7.428571429,113.2571429,4.857142857
Nevada,2010,49,3.28279,43.77142857,21.35714286,32.08571429,65.84285714,0.019857143,4.242857143,110.1571429,4.714285714
Nevada,2010,50,4.28725,51.11428571,35.3,42.42857143,66.75714286,0.038142857,6.114285714,84.85714286,3.714285714
Nevada,2010,51,3.46784,44.75714286,27.44285714,35.6,73.22857143,0.152714286,5.442857143,79.91428571,3.285714286
Nevada,2010,52,3.88664,42.2,22.85714286,32.31428571,76.35714286,0.077714286,4.357142857,74.3,3.285714286
Nevada,2011,1,3.08241,35.62857143,20,28.18571429,68.92857143,0.114285714,6.028571429,95.1,4.142857143
Nevada,2011,2,3.31421,36.1,14.18571429,23.28571429,79.15714286,0,1.6,113.9285714,4.571428571
Nevada,2011,3,3.78455,42.72857143,22.85714286,32.11428571,68.84285714,0.003857143,3.242857143,112.9714286,4.571428571
Nevada,2011,4,3.83545,53.6,27.81428571,39.15714286,60.57142857,0,3.157142857,143.0285714,5.857142857
Nevada,2011,5,4.03184,51.45714286,23,35.55714286,59.87142857,0,2.6,146.7571429,6
Nevada,2011,6,3.71371,45.68571429,19.88571429,32.22857143,56.77142857,0.026571429,3.357142857,151.8285714,5.714285714
Nevada,2011,7,4.06365,50.22857143,23.22857143,35.57142857,48.9,0,4.128571429,183.4,6.857142857
Nevada,2011,8,4.06769,42.62857143,26.42857143,34.87142857,61.71428571,0.252857143,11.6,131.2571429,5.142857143
Nevada,2011,9,4.78919,33.88571429,11.78571429,23.38571429,65.82857143,0.065142857,5.742857143,177.6714286,6.714285714
Nevada,2011,10,3.27375,45.87142857,21.17142857,34.08571429,56.7,0.060714286,6.271428571,190.3857143,6.714285714
Nevada,2011,11,3.08045,49.67142857,32.37142857,40.55714286,57.77142857,0.064142857,7.014285714,208.4714286,7.571428571
Nevada,2011,12,4.29749,44.57142857,29.52857143,37.65714286,61.9,0.300571429,10.84285714,164.0285714,5.857142857
Nevada,2011,13,2.27938,38.77142857,28.32857143,33.2,68.48571429,0.196428571,8.957142857,166.7714286,6
Nevada,2011,14,2.21222,59.32857143,33.31428571,46.35714286,50.77142857,0.000857143,6.685714286,261.9714286,8.571428571
Nevada,2011,15,2.11339,49.85714286,27.02857143,38.37142857,51.9,0.007714286,6.3,260.5571429,8.428571429
Nevada,2011,16,3.12605,54.25714286,30.92857143,42.88571429,48.57142857,0.001428571,6.171428571,272.0428571,8.714285714
Nevada,2011,17,1.55288,54.1,38.74285714,45.81428571,59.21428571,0.053,8.342857143,250.8428571,8.571428571
Nevada,2011,18,2.51242,52.58571429,34.28571429,43.3,46.17142857,0.006142857,8.8,313.6428571,9.428571429
Nevada,2011,19,2.4206,68.05714286,36.91428571,53.21428571,34.8,0.001142857,6.114285714,346.1142857,10
Nevada,2011,20,0.789052,61.38571429,36.55714286,49.45714286,47.4,0.012285714,7.528571429,305.6714286,9
Nevada,2011,21,0.67815,52.88571429,34.82857143,43.75714286,59.37142857,0.071285714,6.114285714,281.7142857,8.857142857
Nevada,2011,22,0.731602,58.38571429,35.5,47.3,49.37142857,0.058,8.9,323.7142857,9.571428571
Nevada,2011,23,1.03003,54.45714286,36.15714286,45.64285714,51.42857143,0.018714286,8.928571429,271.3428571,7.857142857
Nevada,2011,24,0.882801,66.97142857,40.88571429,53.85714286,57.54285714,0.210857143,5.4,324.1285714,9.285714286
Nevada,2011,25,0.754663,76.85714286,45.05714286,62.02857143,41.22857143,0.000714286,5.557142857,356.3857143,9.714285714
Nevada,2011,26,0.644963,81.52857143,47.04285714,65.82857143,35.67142857,0,5.942857143,386.3,10
Nevada,2011,27,0.388814,79.65714286,47.71428571,64.37142857,43.84285714,0.059285714,6.228571429,357.4857143,9.428571429
Nevada,2011,28,0.500303,88.02857143,52.65714286,70.95714286,37.45714286,0,5.042857143,353.6571429,9.571428571
Nevada,2011,29,0.45427,78.64285714,45.74285714,63.38571429,39.07142857,0,6.157142857,376.3,10
Nevada,2011,30,0.516717,83.1,49.12857143,66.92857143,39.58571429,0,6.1,373.2571429,10
Nevada,2011,31,0.558824,87.22857143,50.74285714,69.92857143,37.17142857,0.000428571,4.942857143,351.3571429,9.857142857
Nevada,2011,32,0.431034,84.4,50.77142857,68.92857143,37.77142857,0,5.242857143,347.6285714,9.857142857
Nevada,2011,33,0.447524,85.12857143,47.04285714,66.95714286,32.38571429,0,5.128571429,344.5,10
Nevada,2011,34,0.498753,84.2,47.34285714,66.7,32.61428571,0,5.285714286,330.5857143,9.857142857
Nevada,2011,35,0.358262,87.88571429,54.34285714,71.34285714,36.51428571,0.000428571,4.814285714,315.3714286,9.571428571
Nevada,2011,36,0.558735,84.4,46.38571429,66.14285714,31.74285714,0,4.285714286,315.4714286,9.857142857
Nevada,2011,37,0.608026,83.18571429,50.61428571,67.2,33,0.007428571,3.914285714,260.5714286,8.428571429
Nevada,2011,38,0.541932,75.74285714,48.42857143,61.17142857,52.4,0.016857143,4.771428571,224.0428571,7.428571429
Nevada,2011,39,0.773054,83.28571429,45.45714286,63.62857143,39.9,0,2.728571429,250.5142857,8.428571429
Nevada,2011,40,0.415097,79.62857143,45.15714286,61.64285714,42.94285714,0.002142857,4.171428571,222.4428571,7.571428571
Nevada,2011,41,0.428521,58.94285714,39.54285714,48.65714286,55.92857143,0.108142857,8.028571429,189.2142857,6.714285714
Nevada,2011,42,0.507265,71.42857143,39.72857143,54.45714286,53.78571429,0.011285714,3.9,190.1142857,7
Nevada,2011,43,0.626484,70.82857143,37.48571429,52.62857143,53.5,0.000857143,2.8,201.8142857,7
Nevada,2011,44,1.02051,62.42857143,29.57142857,43.8,45.44285714,0.001428571,2.714285714,183.3428571,6.714285714
Nevada,2011,45,0.582707,53.21428571,26.6,39.4,48.54285714,0.037428571,5.357142857,166.2,6.285714286
Nevada,2011,46,0.550545,49.18571429,24.18571429,35.4,60.92857143,0.006142857,2.728571429,147.1142857,5.857142857
Nevada,2011,47,0.679316,53.4,30.51428571,40.48571429,54.41428571,0.002428571,6.442857143,142.4285714,5.857142857
Nevada,2011,48,0.61838,51.94285714,30.28571429,39.88571429,49.82857143,0.008571429,5.928571429,123.2285714,5.285714286
Nevada,2011,49,0.805185,49.44285714,25.18571429,36.11428571,40.72857143,0,6.528571429,121.6142857,4.857142857
Nevada,2011,50,0.687715,46.31428571,16.4,28.72857143,50.28571429,0,1.728571429,126.4,4.857142857
Nevada,2011,51,1.08307,43.21428571,19.8,29.95714286,53.94285714,0,2.9,110.2571429,4.571428571
Nevada,2011,52,1.32617,43.85714286,14.78571429,26.84285714,45.88571429,0,2.442857143,117.2857143,4.571428571
Nevada,2012,1,0.945201,53.25714286,23.75714286,37.4,46.21428571,0,4.442857143,107.8142857,4.714285714
Nevada,2012,2,0.806064,56.12857143,23.3,37.42857143,45.48571429,0,2.842857143,113.7285714,4.714285714
Nevada,2012,3,0.830691,50.32857143,16.57142857,30.41428571,51.57142857,0,1.757142857,131.0571429,5.571428571
Nevada,2012,4,1.53987,45.68571429,26.6,36.35714286,41.25714286,0.273714286,10.14285714,110.4571429,5
Nevada,2012,5,1.86857,45.07142857,26.02857143,35.37142857,71.92857143,0.107142857,3.671428571,118.2714286,5.142857143
Nevada,2012,6,2.58051,47.47142857,22.68571429,33.97142857,55.22857143,0.003714286,3.357142857,152.6714286,6.285714286
Nevada,2012,7,1.6504,50.21428571,25.54285714,36.4,59.91428571,0.000857143,2.814285714,148.0142857,5.714285714
Nevada,2012,8,1.54657,44.72857143,24.75714286,33.78571429,59.85714286,0.042571429,5.785714286,151.4714286,5.714285714
Nevada,2012,9,1.7139,52.85714286,28.05714286,39.5,49.6,0,4.642857143,192.1285714,7.285714286
Nevada,2012,10,2.19914,41.62857143,20,30.88571429,58.44285714,0.077714286,7.271428571,167.0142857,6.142857143
Nevada,2012,11,1.93149,55.55714286,21.65714286,37.67142857,43.15714286,0.015857143,5.414285714,226.8571429,7.571428571
Nevada,2012,12,2.07832,48.05714286,37.12857143,42.4,59.04285714,0.212285714,13.12857143,161.2285714,5.714285714
Nevada,2012,13,1.46968,51.98571429,32.38571429,41.7,47.31428571,0.017428571,10.08571429,229.6857143,7.857142857
Nevada,2012,14,1.19556,51.45714286,35.77142857,43.14285714,51.18571429,0.047571429,12,201.5428571,7.714285714
Nevada,2012,15,0.822174,50.48571429,25.51428571,37.28571429,46.12857143,0.007,6.842857143,285.8285714,9
Nevada,2012,16,0.773096,54.5,31.97142857,42.61428571,45.42857143,0.032857143,8.914285714,227.3285714,7.285714286
Nevada,2012,17,0.581966,66.88571429,37.27142857,52.01428571,52.72857143,0,5.328571429,292.3285714,9.714285714
Nevada,2012,18,0.826145,65.68571429,38.05714286,52.31428571,52.4,0.036142857,5.6,277.1714286,8.857142857
Nevada,2012,19,1.07256,63.47142857,36.74285714,50.48571429,39.9,0,7.728571429,328.1714286,9.857142857
Nevada,2012,20,0.646247,70.55714286,34.85714286,54.17142857,29.34285714,0,4.1,360.0857143,10
Nevada,2012,21,1.27596,75.45714286,41.27142857,58.8,37.44285714,0.000571429,5.585714286,354.1714286,10
Nevada,2012,22,1.43885,65.01428571,40.35714286,52.84285714,46.42857143,0.030857143,7.671428571,329.3285714,9.142857143
Nevada,2012,23,0.446229,76.05714286,41.31428571,59.82857143,46.01428571,0,5.028571429,374.1571429,10
Nevada,2012,24,0.601904,66.84285714,39.85714286,53.91428571,40.97142857,0.031142857,8.585714286,359.0285714,9.571428571
Nevada,2012,25,0.772141,79.6,43.21428571,63.28571429,33.28571429,0,4.642857143,381.7428571,10
Nevada,2012,26,0.323749,79.25714286,49.45714286,64.91428571,31.4,0,8.842857143,381.1428571,10
Nevada,2012,27,0.374532,76.65714286,44.94285714,61.5,35.45714286,0,7.685714286,388.4285714,10
Nevada,2012,28,0.173595,83.6,48.91428571,67.51428571,40.97142857,0,5.714285714,378.8428571,10
Nevada,2012,29,0.348788,90.92857143,51.92857143,72.24285714,30.88571429,0,5.742857143,373.5285714,10
Nevada,2012,30,0.297547,81.62857143,52.02857143,67.25714286,33.88571429,0,7.185714286,349.4,9.571428571
Nevada,2012,31,0.147944,83.77142857,51.54285714,68.11428571,42.97142857,0.030571429,4.871428571,359.8285714,9.857142857
Nevada,2012,32,0.495266,91.12857143,48.68571429,70.48571429,28.61428571,0.001,4.842857143,343.0714286,9.571428571
Nevada,2012,33,0.618151,90.25714286,54,72.54285714,32.7,0.004571429,4.928571429,341.2,10
Nevada,2012,34,0.475996,87.1,57.72857143,71.55714286,44.84285714,0.010857143,4.142857143,267.7428571,8.428571429
Nevada,2012,35,0.594979,86.18571429,51.47142857,69.12857143,33.45714286,0,4.9,315.8714286,9.714285714
Nevada,2012,36,0.6239,82.62857143,44.4,64.57142857,28.77142857,0,5.071428571,318.7428571,9.714285714
Nevada,2012,37,1.55991,82.71428571,47.28571429,64.8,42.55714286,0.016142857,4.028571429,284.6857143,8.571428571
Nevada,2012,38,0.682303,82.55714286,47.47142857,65.25714286,35.3,0,4.685714286,275.4285714,8.714285714
Nevada,2012,39,0.573813,82.12857143,44.05714286,63.08571429,36.3,0.004,3.242857143,250.9714286,8.285714286
Nevada,2012,40,0.540606,76.81428571,43.31428571,60.15714286,39.84285714,0,3.6,238,7.857142857
Nevada,2012,41,0.474664,78.62857143,40.47142857,58.85714286,36.91428571,0,3.171428571,223.5142857,7.571428571
Nevada,2012,42,0.600396,65.84285714,37.1,51.47142857,52.85714286,0.023857143,3.842857143,194.0714286,7.142857143
Nevada,2012,43,0.821041,72.95714286,39.3,54.42857143,43.72857143,0,3.857142857,203.5,7
Nevada,2012,44,0.527619,52.27142857,31.78571429,40.47142857,59.25714286,0.059142857,7.171428571,164.5,6.285714286
Nevada,2012,45,0.593159,63.7,32.6,46.7,54.92857143,0.011142857,3.228571429,147.5,5.857142857
Nevada,2012,46,0.735592,55.91428571,28.08571429,40.32857143,57.41428571,0.054142857,5.057142857,148.7142857,5.571428571
Nevada,2012,47,0.757751,52.18571429,26.35714286,37.67142857,63.08571429,0.057571429,3.028571429,123.4857143,5
Nevada,2012,48,0.868032,53.44285714,32.6,41.94285714,61.71428571,0.035857143,6.328571429,117.2428571,5
Nevada,2012,49,0.691995,51.6,32.2,41.17142857,61.08571429,0.265,10.57142857,74.4,3.428571429
Nevada,2012,50,1.0532,51.01428571,32.75714286,40.71428571,69.45714286,0.335,4.371428571,87.85714286,4
Nevada,2012,51,1.63702,41.67142857,18.17142857,29.48571429,68.24285714,0.029428571,3.8,102.2142857,4.428571429
Nevada,2012,52,1.71037,40.65714286,23.85714286,32.8,60.05714286,0.097857143,11.17142857,91.98571429,3.857142857
Nevada,2013,1,1.97276,33.95714286,18.97142857,27.14285714,74.41428571,0.118142857,5.014285714,79.91428571,3.428571429
Nevada,2013,2,2.38245,32.62857143,6.728571429,19.1,72.54285714,0.007,2,122.3285714,5
Nevada,2013,3,3.02318,37.31428571,16.11428571,25.42857143,69.21428571,0.028857143,4.342857143,103.1857143,4.285714286
Nevada,2013,4,3.57443,35.94285714,6.228571429,19.21428571,66.94285714,0.000571429,1.9,146.6285714,6
Nevada,2013,5,2.32686,47.5,22.24285714,32.8,69.98571429,0.02,2.457142857,121.6714286,5
Nevada,2013,6,3.55964,46.28571429,22.97142857,33.42857143,64.97142857,0.010714286,3.442857143,136.7285714,5.142857143
Nevada,2013,7,3.38641,47.4,22.61428571,33.64285714,54.22857143,0.001571429,4.828571429,154.7,6
Nevada,2013,8,2.88354,49.87142857,20.24285714,33.55714286,56.41428571,0,2.5,182.3571429,6.714285714
Nevada,2013,9,3.18243,45.15714286,23.55714286,33.97142857,50.27142857,0.008571429,6.1,183.2571429,6.571428571
Nevada,2013,10,2.39382,54.12857143,23.21428571,37.51428571,46.35714286,0,3.157142857,205.4285714,7.857142857
Nevada,2013,11,2.72161,48.2,30.01428571,38.32857143,61.77142857,0.050857143,5.871428571,191.6714286,6.714285714
Nevada,2013,12,1.81388,65.9,30.02857143,46.35714286,43.18571429,0,3.071428571,220.3142857,7.714285714
Nevada,2013,13,1.95603,56.31428571,32.2,43.45714286,43.8,0.017428571,6.585714286,232.5428571,8
Nevada,2013,14,1.57446,62.3,33.92857143,47.41428571,50.07142857,0.009857143,5.014285714,232.5285714,8.142857143
Nevada,2013,15,1.31522,59.28571429,37.72857143,47.6,54.54285714,0.040571429,6.185714286,224.4428571,7.714285714
Nevada,2013,16,1.0496,60.68571429,35.61428571,47.77142857,44.75714286,0.026428571,8.857142857,295.6714286,9.714285714
Nevada,2013,17,1.08536,55.94285714,30.58571429,42.8,44.61428571,0.017142857,7.5,318.5142857,9.714285714
Nevada,2013,18,1.03443,70.68571429,36.32857143,53.94285714,32.65714286,0,4.842857143,339.2857143,10
Nevada,2013,19,0.960045,72.15714286,39.15714286,55.92857143,29.04285714,0,5.628571429,350.6571429,10
Nevada,2013,20,1.35322,66.71428571,43.11428571,54.78571429,58.54285714,0.151571429,4.6,251.5285714,7.714285714
Nevada,2013,21,0.92672,72.8,43.78571429,58.77142857,41.05714286,0.002714286,6.4,328.7857143,9.428571429
Nevada,2013,22,1.04712,68.37142857,38.17142857,53.64285714,32.71428571,0,7.585714286,366.5571429,9.857142857
Nevada,2013,23,0.887989,71.55714286,41.77142857,57.41428571,41.45714286,0.017571429,6.8,340.2571429,9.714285714
Nevada,2013,24,0.574163,88.94285714,50.7,71.07142857,31.31428571,0,4.257142857,373.1285714,10
Nevada,2013,25,1.09746,79.48571429,49.44285714,64.5,34.54285714,0.011428571,6.728571429,339.0714286,9.285714286
Nevada,2013,26,0.773071,75.71428571,42.44285714,59.88571429,32.22857143,0,6.957142857,387.5142857,10
Nevada,2013,27,0.682196,81.15714286,53.12857143,67.41428571,46.85714286,0.027428571,6.128571429,306.2,8.571428571
Nevada,2013,28,0.345185,94.41428571,59.28571429,76.64285714,36.14285714,0.02,5.1,323.5714286,9.142857143
Nevada,2013,29,0.481506,88.68571429,52.11428571,71.45714286,26.98571429,0,6.171428571,376.5,10
Nevada,2013,30,0.682594,92.21428571,53.21428571,73.65714286,29.41428571,0,4.871428571,365.5142857,10
Nevada,2013,31,0.500762,92.27142857,58.97142857,75.41428571,38.72857143,0.030857143,5.1,299.8857143,8.714285714
Nevada,2013,32,0.329649,85.1,50.47142857,68.52857143,30.15714286,0,6.328571429,356.7,10
Nevada,2013,33,0.511229,84.82857143,50.81428571,67.65714286,32.38571429,0.064714286,5.9,339.6571429,10
Nevada,2013,34,0.42186,87.78571429,47.52857143,68.05714286,29.55714286,0,5.028571429,330.5714286,9.857142857
Nevada,2013,35,0.55931,84.25714286,53.91428571,68.9,39.52857143,0.022428571,4.857142857,253.0714286,8.285714286
Nevada,2013,36,0.696926,84.78571429,49.52857143,67.04285714,38.22857143,0,5.228571429,252.6714286,8.714285714
Nevada,2013,37,0.663538,83.67142857,55.81428571,69.37142857,38.98571429,0,5.742857143,253.5714286,8.285714286
Nevada,2013,38,0.629987,84.1,48.28571429,66.38571429,40.81428571,0.014571429,3.342857143,263.6857143,8.571428571
Nevada,2013,39,0.228224,76.52857143,44.3,60.32857143,38.95714286,0.018714286,7.557142857,255.1714286,8.428571429
Nevada,2013,40,0.584908,65,37.65714286,50.28571429,47.17142857,0.005285714,5.971428571,249.9571429,8.428571429
Nevada,2013,41,0.777235,65.5,40.08571429,51.7,37.4,0,7.557142857,241.5,8
Nevada,2013,42,0.714734,64.35714286,33.45714286,48.7,43.62857143,0.002571429,4.442857143,200.9571429,7.571428571
Nevada,2013,43,0.745461,63.45714286,29.21428571,44.84285714,47.32857143,0,2.842857143,215.2428571,7.714285714
Nevada,2013,44,0.804817,71.51428571,31.37142857,49.1,36.47142857,0,1.728571429,196.9428571,7
Nevada,2013,45,1.00333,55.64285714,29.78571429,40.87142857,62.9,0.032857143,4.614285714,166.9571429,6.571428571
Nevada,2013,46,0.93076,57.81428571,30.3,42.05714286,45.48571429,0,2.771428571,151.0857143,5.857142857
Nevada,2013,47,1.0488,60.57142857,31.5,44.22857143,47.38571429,0,3.714285714,141.9571429,5.714285714
Nevada,2013,48,1.54363,48.1,28.8,37.72857143,59.75714286,0.063714286,4.1,112.7285714,5
Nevada,2013,49,1.39576,51.62857143,22.82857143,34.71428571,63.24285714,0,1.157142857,116.2142857,5
Nevada,2013,50,1.64318,38.92857143,14.62857143,27.18571429,63.17142857,0.060428571,6.028571429,111.4571429,4.571428571
Nevada,2013,51,2.48553,33.25714286,3.514285714,16.7,71.88571429,0,1.557142857,130.7428571,5
Nevada,2013,52,4.12023,41.87142857,17.91428571,29.08571429,70.91428571,0.016714286,2.585714286,108.2428571,4.714285714
Nevada,2014,1,3.68822,47.82857143,19.47142857,30.85714286,72.37142857,0,1.528571429,122.3142857,4.857142857
Nevada,2014,2,3.22084,50.3,20.97142857,33,63.2,0,1.514285714,120.2857143,4.857142857
Nevada,2014,3,2.63852,49.17142857,24.97142857,36.1,57.9,0.006,4.457142857,99.15714286,4.142857143
Nevada,2014,4,2.09538,52.22857143,20.08571429,33.38571429,55.67142857,0,2.257142857,142.4428571,5.857142857
Nevada,2014,5,2.25962,52.38571429,20.97142857,33.94285714,52.22857143,0,2.271428571,141.4428571,5.714285714
Nevada,2014,6,1.89535,47.61428571,25.88571429,35.78571429,64.57142857,0.112142857,3.371428571,118.0714286,4.857142857
Nevada,2014,7,1.47948,40.08571429,24.27142857,32.14285714,66.88571429,0.161571429,5.885714286,111.9142857,4.571428571
Nevada,2014,8,1.02141,56.4,38.4,46.61428571,49.64285714,0.198142857,8.571428571,140.0714286,5.714285714
Nevada,2014,9,1.07607,54.64285714,26.8,40,50.38571429,0.012714286,5.542857143,169.0142857,6.285714286
Nevada,2014,10,0.972376,54.6,30.27142857,40.97142857,60.75714286,0.138571429,4.171428571,165.6,6.142857143
Nevada,2014,11,1.02816,53.77142857,32.97142857,43.24285714,61.87142857,0.051285714,5.9,165.9857143,5.857142857
Nevada,2014,12,0.947539,57.24285714,30.78571429,43.65714286,41.7,0.010571429,6.185714286,229.0285714,8.285714286
Nevada,2014,13,0.854943,59.02857143,28.95714286,43.81428571,39.45714286,0,5.357142857,244.9857143,8.285714286
Nevada,2014,14,0.737705,54.4,32.51428571,43.08571429,50.18571429,0.076,8.728571429,223.9,8
Nevada,2014,15,0.817784,48.24285714,28.45714286,37.84285714,55.02857143,0.029285714,6.728571429,208.6285714,7.285714286
Nevada,2014,16,0.917431,69.72857143,35.21428571,52.45714286,43.68571429,0,4.514285714,279.3285714,8.714285714
Nevada,2014,17,0.543696,68.21428571,36.87142857,52.78571429,40.47142857,0.002142857,5.657142857,315.6142857,9.857142857
Nevada,2014,18,0.786346,56.41428571,33.85714286,45.12857143,50.31428571,0.077428571,8.1,239.6714286,7.428571429
Nevada,2014,19,0.653013,67.84285714,36.82857143,52.97142857,31.98571429,0,6.685714286,335.3285714,9.857142857
Nevada,2014,20,0.789083,58.87142857,39.88571429,49.28571429,46.81428571,0.021857143,10.08571429,302.4571429,9.285714286
Nevada,2014,21,0.869619,73.78571429,38.05714286,56.97142857,29.18571429,0.002142857,5.214285714,336.5,9.428571429
Nevada,2014,22,0.948859,63.97142857,41.34285714,52.85714286,54.78571429,0.104142857,5.385714286,291.0428571,8.857142857
Nevada,2014,23,0.755287,76.58571429,41.95714286,60.75714286,30.28571429,0,6.985714286,364.6571429,9.571428571
Nevada,2014,24,0.730076,81.1,43.05714286,63.88571429,32.51428571,0,4.671428571,379.9428571,10
Nevada,2014,25,0.565903,81.48571429,47.35714286,66.15714286,26.85714286,0,6.928571429,373.2142857,10
Nevada,2014,26,0.532632,76.22857143,44.34285714,61.07142857,29.4,0,7.4,374.9,10
Nevada,2014,27,0.697674,79.91428571,46.02857143,64.3,34.72857143,0.001571429,7.757142857,376.7714286,10
Nevada,2014,28,0.435852,90.98571429,50.35714286,72.24285714,28.92857143,0,5.3,383.2142857,10
Nevada,2014,29,0.42203,89.4,56.74285714,73.97142857,34.95714286,0.003571429,4.857142857,321.5714286,9
Nevada,2014,30,0.369324,92.18571429,60.22857143,76.25714286,39.77142857,0.016714286,5.114285714,280.0428571,8.428571429
Nevada,2014,31,0.245204,83.47142857,52.51428571,68.32857143,44.68571429,0.034285714,5.9,319.2857143,9.142857143
Nevada,2014,32,0.242269,89.08571429,56.15714286,72.72857143,36.55714286,0.003571429,4.814285714,271.1142857,8.142857143
Nevada,2014,33,0.331383,79.27142857,53.25714286,65.81428571,56.74285714,0.079142857,4.428571429,251.3,7.571428571
Nevada,2014,34,0.288382,83.04285714,50.12857143,66.68571429,47.11428571,0.025714286,6.8,316.7,9.285714286
Nevada,2014,35,0.507998,84.11428571,47.88571429,66.7,35.51428571,0.003428571,6.028571429,316.2857143,9.571428571
Nevada,2014,36,0.413763,82.72857143,48.82857143,66.04285714,39.34285714,0.039,5.3,289.7142857,9.142857143
Nevada,2014,37,0.481026,84.68571429,44.42857143,65.3,31.95714286,0,4.7,306.3,9
Nevada,2014,38,0.583847,84.15714286,42.07142857,63.44285714,33.02857143,0.000285714,4.871428571,274.4,8.571428571
Nevada,2014,39,0.560659,83.14285714,51.35714286,67.47142857,37.28571429,0.000428571,7.657142857,251.2571429,8.285714286
Nevada,2014,40,0.494334,70.94285714,45.28571429,58.41428571,49.3,0.071,7.028571429,216.0857143,7.285714286
Nevada,2014,41,0.587345,70.1,34.84285714,51.5,54.02857143,0.022428571,3.657142857,225.1,7.428571429
Nevada,2014,42,0.551651,78.82857143,36.4,56.28571429,38.58571429,0,3.6,227.1142857,7.714285714
Nevada,2014,43,0.435894,68.88571429,38.77142857,52.72857143,42.91428571,0.002142857,6.542857143,171.5714286,6.571428571
Nevada,2014,44,0.562972,69.01428571,37.17142857,52.28571429,40.77142857,0.014,8.385714286,180.2142857,6.714285714
Nevada,2014,45,0.544813,60.78571429,32.47142857,45.57142857,52.88571429,0.031857143,5.314285714,151.8857143,6
Nevada,2014,46,0.814036,61.45714286,27.71428571,42.38571429,59.34285714,0,3.014285714,160.8857143,6.142857143
Nevada,2014,47,0.790485,59.55714286,29.35714286,43.17142857,51.75714286,0.009857143,5.742857143,131.5142857,5.285714286
Nevada,2014,48,1.80027,49.52857143,22.51428571,36.04285714,57.6,0.027285714,4.714285714,91.95714286,3.714285714
Nevada,2014,49,1.26213,58.1,30.18571429,42.01428571,48.87142857,0.017,5.942857143,124.9571429,5.285714286
Nevada,2014,50,1.42665,48.28571429,32.44285714,40.22857143,76.51428571,0.129857143,4.5,74.18571429,3.428571429
Nevada,2014,51,1.80069,49.01428571,31.12857143,39.22857143,68.84285714,0.020571429,6.414285714,81.08571429,3.714285714
Nevada,2014,52,3.27054,44.21428571,31.17142857,36.78571429,69.75714286,0.056714286,4.328571429,75.72857143,3.714285714
Nevada,2014,53,4.10995,47.42857143,26.44285714,35.34285714,65.24285714,0.034142857,5.414285714,102.1428571,4.142857143
Nevada,2015,1,3.93077,39.45714286,14.82857143,25.3,56.84285714,0.01,4.642857143,127.9857143,5
Nevada,2015,2,3.4213,53.01428571,26.47142857,36.55714286,69.81428571,0,1.142857143,107.6571429,4.285714286
Nevada,2015,3,3.99324,50.27142857,29.1,38.67142857,62.77142857,0,3.485714286,112.4,5
Nevada,2015,4,3.09628,53.02857143,26.47142857,37.75714286,58.21428571,0,3.214285714,133.7714286,5.428571429
Nevada,2015,5,2.34095,54.02857143,28.92857143,39.77142857,61.61428571,0.014142857,2.8,130.2857143,5.285714286
Nevada,2015,6,2.38325,59.01428571,34.54285714,45.81428571,50.95714286,0.224857143,9.728571429,140.3428571,5.571428571
Nevada,2015,7,1.69153,57.34285714,31.2,42.24285714,66.94285714,0.163571429,3.757142857,166.1857143,6.428571429
Nevada,2015,8,1.16532,61.41428571,29,42.84285714,54.85714286,0,2.8,192.4714286,6.857142857
Nevada,2015,9,1.16225,47.34285714,26.54285714,35.88571429,48.4,0.051285714,4.8,169.6857143,6
Nevada,2015,10,1.49568,51.32857143,23.45714286,36.32857143,55.87142857,0.006714286,3.4,216.3571429,7.428571429
Nevada,2015,11,1.06904,63.75714286,32.97142857,47.71428571,47.11428571,0.000857143,3.842857143,201.2428571,7.142857143
Nevada,2015,12,0.786713,64.58571429,37.57142857,50.68571429,41.34285714,0,5.857142857,198.4285714,7.142857143
Nevada,2015,13,0.972887,62.31428571,37.08571429,49.22857143,47.95714286,0.005,6.357142857,244.3857143,8.285714286
Nevada,2015,14,0.903882,61.45714286,31.6,46.74285714,37.15714286,0.001857143,6.542857143,284,8.857142857
Nevada,2015,15,0.800924,52.3,29.12857143,40.81428571,46.27142857,0.023857143,7.714285714,244.8428571,8.142857143
Nevada,2015,16,0.53934,63.24285714,29.57142857,46.64285714,33.2,0.001,5.985714286,322.8142857,9.857142857
Nevada,2015,17,0.397475,63.12857143,38.2,50.22857143,49.12857143,0.106428571,6.142857143,247.0714286,8.285714286
Nevada,2015,18,0.593662,70.41428571,37.94285714,54.61428571,43.38571429,0,5.157142857,342.2571429,10
Nevada,2015,19,0.290604,65.08571429,37.75714286,51.18571429,48.48571429,0.043,5.928571429,308.3142857,9.285714286
Nevada,2015,20,0.493659,58.32857143,39.17142857,48.85714286,50.51428571,0.051285714,7.585714286,291.6142857,8.571428571
Nevada,2015,21,0.608654,57.25714286,41.18571429,48.51428571,70.82857143,0.104,4.285714286,223.7285714,6.857142857
Nevada,2015,22,0.346852,75.57142857,43.72857143,60.24285714,51.37142857,0.011142857,4.542857143,340.9571429,9.857142857
Nevada,2015,23,0.364282,72.7,44.8,59.5,45.65714286,0.020857143,6.542857143,316.5714286,9
Nevada,2015,24,0.25413,81.78571429,50.45714286,66.85714286,48.4,0.064714286,4.457142857,315.3571429,8.857142857
Nevada,2015,25,0.195991,86.7,45.35714286,68.02857143,26.14285714,0,6.242857143,370.8428571,9.714285714
Nevada,2015,26,0.179033,88.82857143,51.22857143,71.78571429,29.47142857,0.000285714,5.557142857,348.7285714,9.571428571
Nevada,2015,27,0.134156,87.54285714,60.61428571,73.98571429,48.02857143,0.060857143,4.957142857,256.9142857,7.857142857
Nevada,2015,28,0.210681,76.05714286,50.3,62.54285714,59.92857143,0.071857143,5.014285714,307.1142857,8.571428571
Nevada,2015,29,0.111535,82.58571429,50.9,67.47142857,43.02857143,0,5.342857143,353.4428571,9.857142857
Nevada,2015,30,0.247219,81.65714286,51.21428571,67.04285714,43.81428571,0.014285714,5.5,337.2285714,9.571428571
Nevada,2015,31,0.134048,85.64285714,51.27142857,69.55714286,32.42857143,0,4.442857143,320.9428571,9.142857143
Nevada,2015,32,0.28028,80.68571429,50.77142857,66.35714286,44.01428571,0.017,4.685714286,290.5285714,8.428571429
Nevada,2015,33,0.762777,87.17142857,48.74285714,68.88571429,32.8,0,6.871428571,327.2571429,9.571428571
Nevada,2015,34,0.739504,91.22857143,47.54285714,70.21428571,26.75714286,0.001142857,5.385714286,311.6857143,9.571428571
Nevada,2015,35,0.795756,86.98571429,51.84285714,69.74285714,32.84285714,0,6.957142857,303.5,9.285714286
Nevada,2015,36,0.842156,78.04285714,46.12857143,62.1,34.74285714,0.001142857,7.642857143,305.6857143,9.285714286
Nevada,2015,37,0.497512,86.05714286,42.52857143,64.18571429,29.72857143,0.000285714,3.357142857,244.9285714,8.142857143
Nevada,2015,38,0.94541,74.72857143,46.37142857,60.37142857,38.87142857,0.003714286,6.814285714,237.5,8.142857143
Nevada,2015,39,1.30785,85.84285714,43.65714286,64.57142857,30.71428571,0,4.814285714,231.9,7.571428571
Nevada,2015,40,0.62855,72.84285714,45.85714286,58.85714286,49.97142857,0.059,4.3,151.8428571,5.714285714
Nevada,2015,41,0.397966,75.44285714,42.64285714,58.28571429,52.62857143,0.011428571,4.128571429,209.4142857,7.428571429
Nevada,2015,42,0.488183,76.4,43.91428571,59.2,50.08571429,0.077142857,3.614285714,157.6714286,5.857142857
Nevada,2015,43,0.689338,62.81428571,34.6,47.41428571,63.01428571,0.000857143,3.285714286,179.2428571,6.857142857
Nevada,2015,44,0.660979,64.58571429,34.41428571,48.32857143,52.38571429,0.017,4.885714286,157.3,6
Nevada,2015,45,0.663507,49.32857143,29.24285714,37.72857143,69.9,0.174857143,4.842857143,145.7142857,5.571428571
Nevada,2015,46,0.49005,50.08571429,22.45714286,34.48571429,67.47142857,0.047428571,4.271428571,145.2428571,5.571428571
Nevada,2015,47,0.844991,51.24285714,25.5,36.82857143,62.81428571,0.014428571,5.285714286,134.3428571,5.428571429
Nevada,2015,48,0.721364,39.14285714,18.71428571,28.91428571,68.94285714,0.043,5.357142857,122.6285714,5
Nevada,2015,49,0.96706,43.74285714,18.41428571,30.01428571,67.68571429,0.012428571,4.5,109.6714286,4.857142857
Nevada,2015,50,1.04183,51.65714286,30,40.9,61.02857143,0.099857143,8.157142857,92.51428571,4.285714286
Nevada,2015,51,1.2116,38.75714286,18.37142857,29.1,70.97142857,0.041428571,6.728571429,105.0714286,4.571428571
Nevada,2015,52,1.43746,37.12857143,22.5,30.37142857,67.88571429,0.141571429,8.571428571,81.95714286,3.571428571
Nevada,2016,1,1.18955,28.94285714,9.928571429,19.74285714,73.95714286,0.003,4.385714286,115.2857143,4.714285714
Nevada,2016,2,0.909577,35.5,21.98571429,28.4,81.5,0.029,2.528571429,84.8,3.714285714
Nevada,2016,3,1.23082,43.01428571,25.51428571,33.37142857,73.34285714,0.058571429,6.957142857,100.3,4.428571429
Nevada,2016,4,1.19691,48.61428571,31.55714286,39.25714286,63.44285714,0.122,8.685714286,85.88571429,4
Nevada,2016,5,1.38714,47.81428571,27.37142857,36.12857143,73.52857143,0.154857143,4.628571429,113.9714286,4.571428571
Nevada,2016,6,1.80372,36.77142857,16.85714286,26.55714286,77.37142857,0.038285714,3.714285714,140.9285714,5.428571429
Nevada,2016,7,2.24189,56.51428571,25.22857143,38.38571429,67.35714286,0,2.642857143,163.4285714,6.714285714
Nevada,2016,8,2.34118,54.3,29.28571429,40.72857143,63.08571429,0.082,7.4,163.1,6.571428571
Nevada,2016,9,2.76263,59.11428571,27.17142857,41.44285714,53.32857143,0,4.242857143,186.2285714,6.857142857
Nevada,2016,10,2.5523,61.21428571,34.27142857,46.98571429,49.24285714,0.057142857,8.014285714,162.7714286,6.428571429
Nevada,2016,11,2.77078,48.31428571,34.07142857,41.64285714,62.41428571,0.103142857,11.78571429,158.3142857,5.857142857
Nevada,2016,12,1.27855,58.37142857,29.97142857,43.31428571,54.01428571,0.026142857,7.2,223.4571429,7.857142857
Nevada,2016,13,1.00711,55.91428571,29.98571429,42.57142857,52.5,0.056285714,7.842857143,244.7571429,8
Nevada,2016,14,1.14353,55.58571429,29.1,42.2,60.2,0.042,5.871428571,254.7714286,8.428571429
Nevada,2016,15,0.877486,66.04285714,35.78571429,50.8,50.64285714,0.078428571,5.3,243.3285714,8.285714286
Nevada,2016,16,0.553683,56.87142857,35.54285714,46.07142857,56.97142857,0.025142857,7.485714286,276.5714286,8.857142857
Nevada,2016,17,0.530293,66.77142857,32.91428571,50.27142857,47.27142857,0.084714286,7.142857143,300.8,9.142857143
Nevada,2016,18,0.571705,54.87142857,34.4,43.42857143,61.78571429,0.052857143,6.914285714,263.2714286,8.142857143
Nevada,2016,19,0.432289,60.81428571,38.45714286,49.4,67.42857143,0.158142857,4.585714286,221.5285714,7.428571429
Nevada,2016,20,0.307999,70.94285714,40.47142857,55.95714286,53.15714286,0.002,5.985714286,332.5428571,9.571428571
Nevada,2016,21,0.307542,64.02857143,39.31428571,52.54285714,47.91428571,0.016714286,8.614285714,332.1571429,9.571428571
Nevada,2016,22,0.404401,63.6,36.08571429,50.47142857,59.01428571,0.049,5.314285714,291.6142857,8.571428571
Nevada,2016,23,0.330291,83.4,42.95714286,64.68571429,40.12857143,0.007285714,4.985714286,339.4285714,9.142857143
Nevada,2016,24,0.202169,81.51428571,49.62857143,66.34285714,37.35714286,0.000857143,7.671428571,339.2142857,9.714285714
Nevada,2016,25,0.26932,70.4,44.6,58.1,40.02857143,0.002285714,9.828571429,330.9571429,9
Nevada,2016,26,0.276187,86.44285714,45.1,67.55714286,28.6,0.001,6.585714286,381.6142857,9.857142857
Nevada,2016,27,0.252398,91.07142857,49.47142857,71.48571429,31.84285714,0.002571429,6.042857143,377.9857143,10
Nevada,2016,28,0.260116,83.98571429,46.95714286,67.34285714,33.75714286,0.000714286,8.085714286,380.5714286,10
Nevada,2016,29,0.395294,84.28571429,44.1,66.28571429,30.38571429,0,6.885714286,381.3285714,10
Nevada,2016,30,0.259393,86.02857143,46.52857143,68.2,26.77142857,0.000285714,7.071428571,378.0428571,10
Nevada,2016,31,0.171319,94.15714286,50.58571429,73.3,31.35714286,0,5.514285714,358.4571429,10
Nevada,2016,32,0.190133,88.6,47.27142857,69.6,28.35714286,0,6.3,356.3714286,10
Nevada,2016,33,0.203384,85.24285714,44.02857143,65.97142857,32.94285714,0,5.271428571,350.5857143,10
Nevada,2016,34,0.233483,90.91428571,50.38571429,70.75714286,33.81428571,0.000714286,5.257142857,320.8142857,9.857142857
Nevada,2016,35,0.270225,84.82857143,47,66.22857143,34.72857143,0.002857143,5.2,303.4857143,9.428571429
Nevada,2016,36,0.375834,84.2,46.37142857,65.47142857,32.2,0,6.414285714,300.2857143,9.142857143
Nevada,2016,37,0.354578,79.98571429,40.01428571,60.42857143,34.74285714,0,4.357142857,296.5,9
Nevada,2016,38,0.402145,75.64285714,41.41428571,58.4,36.2,0.002285714,4.857142857,261.2,8.285714286
Nevada,2016,39,0.379147,74.04285714,42.52857143,58.37142857,35.27142857,0.008857143,6.6,246.3,8
Nevada,2016,40,0.428964,79,41.34285714,59.94285714,33.97142857,0,5.785714286,249.4857143,8
Nevada,2016,41,0.450626,62.85714286,30.04285714,45.07142857,51.78571429,0.019714286,4.9,221.3285714,7.428571429
Nevada,2016,42,0.540632,69.35714286,40.55714286,54.17142857,40.72857143,0.136142857,8.928571429,187.3142857,7
Nevada,2016,43,0.58743,61.12857143,34.1,46.1,62.38571429,0.221857143,5.785714286,176.6,6.428571429
Nevada,2016,44,0.877819,64.55714286,42.77142857,52.98571429,56.1,0.102428571,8.985714286,140.3285714,5.285714286
Nevada,2016,45,1.07815,58.58571429,32.11428571,43.81428571,65.62857143,0.075285714,5.085714286,155.2428571,5.857142857
Nevada,2016,46,0.887933,66.1,34.45714286,48.52857143,58.5,0.002,3.457142857,143.3714286,5.571428571
Nevada,2016,47,1.18386,58.47142857,28.25714286,42.42857143,46.5,0.009857143,8.385714286,142.4857143,5.857142857
Nevada,2016,48,1.28977,48.12857143,25.31428571,36.52857143,56.32857143,0.025857143,7.242857143,116.3714286,5
Nevada,2016,49,1.9248,41.95714286,20.64285714,30.95714286,64,0.025428571,5.385714286,124.3428571,5
Nevada,2016,50,1.45363,48.15714286,27.64285714,37.75714286,58.34285714,0.164857143,7.628571429,79.51428571,3.857142857
Nevada,2016,51,1.70873,48.91428571,31.67142857,39.91428571,52.25714286,0.143714286,9.585714286,85.77142857,3.857142857
Nevada,2016,52,2.1243,39.61428571,22.02857143,29.4,74.84285714,0.031285714,4.528571429,110.3857143,4.571428571
Nevada,2017,1,1.91924,40.95714286,14.94285714,25.72857143,73.92857143,0,2.657142857,116.9428571,4.714285714
Nevada,2017,2,1.66173,36.85714286,20.88571429,29.05714286,76.4,0.375285714,8.342857143,89.4,3.857142857
Nevada,2017,3,1.61179,37.54285714,29.37142857,33.64285714,82.14285714,0.680285714,9.1,80.51428571,3.571428571
Nevada,2017,4,1.54401,36.31428571,25.74285714,30.65714286,78.57142857,0.136714286,6.371428571,100.7857143,4.285714286
Nevada,2017,5,1.76521,33.31428571,14.72857143,23.24285714,79.44285714,0.159285714,3.657142857,124.8857143,5
Nevada,2017,6,1.7554,44.94285714,24.75714286,33.71428571,71.08571429,0.046285714,6.014285714,126.6142857,4.714285714
Nevada,2017,7,1.32337,49.87142857,35.47142857,42.28571429,71.72857143,0.487857143,10.82857143,86.54285714,3.285714286
Nevada,2017,8,1.27038,48.42857143,26.85714286,36.88571429,69.82857143,0.032857143,4.842857143,162.8,6.142857143
Nevada,2017,9,1.26629,38.77142857,26.11428571,31.97142857,70.74285714,0.312714286,7.857142857,158.4714286,6
Nevada,2017,10,1.07925,46.82857143,20.2,32.78571429,54.8,0.006714286,7.1,218.3,7.857142857
Nevada,2017,11,1.22788,51.38571429,25.27142857,37.01428571,67.18571429,0.074142857,5.385714286,184.1,6.428571429
Nevada,2017,12,0.972422,65.67142857,33.25714286,48.4,49.38571429,0.000571429,5.342857143,234.6428571,8.142857143
Nevada,2017,13,0.89526,53.51428571,34.55714286,43.47142857,60.01428571,0.090714286,8.128571429,178.6142857,6.571428571
Nevada,2017,14,0.914431,53.82857143,29.61428571,41.25714286,60,0.033142857,7.257142857,255.7571429,8.285714286
Nevada,2017,15,0.754254,55.68571429,33.92857143,44.8,53.37142857,0.143285714,10.04285714,224.5571429,7.857142857
Nevada,2017,16,0.771322,52.27142857,29.47142857,40.77142857,57.84285714,0.066285714,7.842857143,275.1857143,8.714285714
Nevada,2017,17,0.716424,59.82857143,34.22857143,46.27142857,55.94285714,0.063285714,7.728571429,242.9714286,7.857142857
Nevada,2017,18,0.915543,57.28571429,37.62857143,47.05714286,47.37142857,0.003428571,8.814285714,286.3285714,9
Nevada,2017,19,0.823752,70.88571429,39.51428571,55.87142857,50.01428571,0.125428571,6.228571429,296.3857143,8.714285714
Nevada,2017,20,0.286427,64.07142857,36.51428571,50.92857143,52.44285714,0.032571429,7.285714286,350.8428571,10
Nevada,2017,21,0.741243,61.38571429,34.64285714,48.81428571,52.3,0.001857143,6.171428571,321.7571429,9.285714286
Nevada,2017,22,0.789554,76.44285714,40.8,60,42.11428571,0,5.671428571,353.7428571,9.571428571
Nevada,2017,23,0.586159,77.92857143,43,61.27142857,45.67142857,0.001428571,5.614285714,322.4142857,9.142857143
Nevada,2017,24,0.665388,73.54285714,44.28571429,59.68571429,41.62857143,0.004714286,8.642857143,350.6,9.428571429
Nevada,2017,25,0.536596,74.02857143,40.55714286,57.8,49.42857143,0.006428571,7.171428571,349.5,9.285714286
Nevada,2017,26,0.35474,92.32857143,52.98571429,73.61428571,39.67142857,0.016857143,5.014285714,354.4571429,10
Nevada,2017,27,0.45966,86.74285714,48.15714286,68.98571429,37.54285714,0,6,386.6285714,10
Nevada,2017,28,0.312557,90.02857143,52,72.05714286,41.77142857,0.011285714,5.485714286,363.1,9.714285714
Nevada,2017,29,0.256561,90.81428571,50.74285714,72.01428571,34.72857143,0,5.971428571,370.4857143,10
Nevada,2017,30,0.0653412,88.64285714,47.57142857,69.22857143,32.3,0,5.985714286,359.2714286,9.857142857
Nevada,2017,31,0.333249,88.01428571,53.95714286,71.72857143,43.08571429,0.001571429,5.357142857,342.3285714,9.571428571
Nevada,2017,32,0.336302,91.84285714,56.97142857,73.74285714,41.42857143,0.005428571,5.071428571,278.4571429,8.857142857
Nevada,2017,33,0.306231,82.97142857,50.72857143,67.15714286,49.94285714,0.041714286,4.957142857,337.3714286,9.857142857
Nevada,2017,34,0.28345,85.54285714,51.5,68.27142857,42.27142857,0.014,4.828571429,289.9,8.857142857
Nevada,2017,35,0.456991,86.02857143,51.72857143,68.44285714,47.07142857,0.005142857,4.542857143,286.0857143,9
Nevada,2017,36,0.463961,90.61428571,50.45714286,70.21428571,36.32857143,0,4.6,265.3571429,8.428571429
Nevada,2017,37,0.458743,84.2,50.3,66,51.7,0.008857143,4.514285714,223.3857143,7.571428571
Nevada,2017,38,0.388979,77.25714286,45.67142857,60.67142857,54.57142857,0.033714286,4.871428571,219.1857143,7.857142857
Nevada,2017,39,0.469092,61.42857143,37.27142857,49.4,53.61428571,0.022571429,7.385714286,247.3428571,8.428571429
Nevada,2017,40,0.673618,68.3,32.75714286,50.42857143,46.88571429,0,4.014285714,233.2285714,8.142857143
Nevada,2017,41,0.651595,64.55714286,29.91428571,46.54285714,44.14285714,0,4.357142857,235.2857143,8
Nevada,2017,42,0.763787,61.1,28.24285714,44.02857143,39.87142857,0,5.871428571,222.3571429,8
Nevada,2017,43,0.718584,66.51428571,27.6,45.24285714,49.8,0.041857143,4.614285714,188.6857143,6.857142857
Nevada,2017,44,0.962365,71.3,31.54285714,48.61428571,57.48571429,0,2.914285714,195.0285714,7
Nevada,2017,45,1.04433,62.55714286,34.01428571,46.04285714,56.42857143,0.003857143,5.242857143,152.9714286,5.857142857
Nevada,2017,46,0.932615,53.82857143,30.17142857,41.24285714,55.88571429,0.021857143,8.028571429,135.5,5.285714286
Nevada,2017,47,1.44778,52.7,31.5,42.01428571,60.02857143,0.410142857,7.885714286,127.6,5.142857143
Nevada,2017,48,1.15908,61.42857143,36.27142857,47.72857143,62.77142857,0.001714286,4.457142857,108.4571429,4.428571429
Nevada,2017,49,1.43369,52.45714286,27.81428571,39.05714286,66.58571429,0.066142857,6.257142857,116.5571429,4.571428571
Nevada,2017,50,2.3175,43.1,14.87142857,26.98571429,64.3,0.007571429,3.942857143,133.8142857,5.142857143
Nevada,2017,51,2.77483,45.3,14.42857143,27.48571429,65.42857143,0.000857143,3.328571429,124.3571429,5
Nevada,2017,52,4.15427,46.94285714,17.91428571,30.8,54.35714286,0.004285714,5.385714286,108.1571429,4.714285714
Nevada,2018,1,3.56019,55.91428571,23.14285714,36.24285714,53.27142857,0,3.042857143,95.24285714,4.285714286
Nevada,2018,2,2.88324,52.5,28.1,39.01428571,65.74285714,0.067428571,2.9,61.14285714,2.714285714
Nevada,2018,3,2.42663,48.9,28.97142857,37.98571429,74.8,0.028714286,3.757142857,51.42857143,3
Nevada,2018,4,2.80155,48.91428571,28.02857143,37.75714286,69.61428571,0.029428571,5.271428571,65.64285714,3.714285714
Nevada,2018,5,2.9149,45.78571429,22.41428571,33.18571429,62.02857143,0.03,5.871428571,80.84285714,4.571428571
Nevada,2018,6,2.88873,57.52857143,25.48571429,38.6,64.47142857,0,2.957142857,94.7,4.857142857
Nevada,2018,7,2.63465,57.6,23.3,38.31428571,56.72857143,0,3.5,107.7428571,5.857142857
Nevada,2018,8,2.18312,47.58571429,17.34285714,31.65714286,57.44285714,0.002285714,5.471428571,97.64285714,5.571428571
Nevada,2018,9,1.80592,34,12.32857143,24.35714286,55.92857143,0.020428571,7.842857143,132.3714286,6.142857143
Nevada,2018,10,1.4224,38.61428571,19.01428571,28.91428571,64.65714286,0.082571429,9.285714286,213.8428571,5.428571429
Nevada,2018,11,1.51379,48.82857143,23.41428571,35.27142857,60.1,0.009714286,5.014285714,146.1857143,6.857142857
Nevada,2018,12,1.08509,46.5,28.3,36.77142857,71.15714286,0.131714286,7.328571429,127.9714286,6.714285714
Nevada,2018,13,1.06842,46.24285714,26.75714286,36.67142857,65.94285714,0.280714286,7.542857143,393.5714286,5.714285714
Nevada,2018,14,0.770912,57.37142857,26.64285714,41.22857143,50.95714286,0,4.614285714,337.1428571,8.571428571
Nevada,2018,15,0.825902,61.2,36.57142857,48.95714286,51.54285714,0.098285714,7.057142857,148.9571429,7.428571429
Nevada,2018,16,0.637607,60.44285714,31.51428571,46.07142857,44.61428571,0.005857143,8.228571429,191.8857143,8.857142857
Nevada,2018,17,0.782583,54.71428571,29.54285714,42.14285714,54.12857143,0.019428571,7.242857143,189.5428571,8.571428571
Nevada,2018,18,0.744781,69.42857143,36.22857143,53.14285714,43.48571429,0.002571429,6.4,221.2285714,9.857142857
Nevada,2018,19,0.69298,63.32857143,35.21428571,49.55714286,51.91428571,0.006857143,5.557142857,197.9285714,8.714285714
Nevada,2018,20,0.501858,70.42857143,39.51428571,55.87142857,43.55714286,0.009,7.057142857,208.0571429,9.571428571
Nevada,2018,21,0.496947,64.45714286,42.27142857,52.6,68.48571429,0.067857143,4.557142857,163.4285714,7.142857143
Nevada,2018,22,0.702644,64.75714286,44.45714286,54.01428571,69.4,0.136142857,5.128571429,159.9857143,7.857142857
Nevada,2018,23,0.599987,73.98571429,40.27142857,58.3,47.17142857,0.000857143,6.128571429,243.9571429,9.428571429
Nevada,2018,24,0.558036,79.22857143,43.71428571,62.6,36.92857143,0,8.385714286,264.4,9.857142857
Nevada,2018,25,0.467892,81.87142857,43.24285714,63.91428571,37.91428571,0,6.5,298.8,10
Nevada,2018,26,0.210612,80.57142857,43.75714286,63.57142857,41.45714286,0.004142857,5.857142857,389.7714286,9.714285714
Nevada,2018,27,0.339648,86.4,46.55714286,68.54285714,33.71428571,0,6.457142857,411.9142857,10
Nevada,2018,28,0.320076,87.41428571,49.82857143,70.55714286,31.51428571,0,6.585714286,414.1714286,10
Nevada,2018,29,0.423499,91.18571429,54,73.5,36.31428571,0.044571429,5.771428571,369.7714286,9
Nevada,2018,30,0.334865,91.74285714,55.25714286,73.51428571,42.41428571,0.044428571,5.4,243.1,9.714285714
Nevada,2018,31,0.265903,91.81428571,53.22857143,72.48571429,44.58571429,0.019428571,4.742857143,222.2142857,9.714285714
Nevada,2018,32,0.223608,91.11428571,53.55714286,72.78571429,30.64285714,0.000142857,6.1,196.9142857,8.714285714
Nevada,2018,33,0.268597,91.55714286,48.1,70.52857143,31.42857143,0,4.771428571,203.3714286,9.142857143
Nevada,2018,34,0.327635,90.25714286,51.7,71.17142857,35.22857143,0,5.614285714,192.6714286,9.571428571
Nevada,2018,35,0.379347,86.54285714,44.42857143,65.97142857,32.31428571,0,5.714285714,207.2714286,10
Nevada,2018,36,0.469093,81.42857143,42.31428571,63,36.58571429,0,5.457142857,183.6571429,9.428571429
Nevada,2018,37,0.414365,86.92857143,44.98571429,66.05714286,34.77142857,0,5.142857143,183.4714286,8.857142857
Nevada,2018,38,0.547702,77.37142857,43.7,60.65714286,25.55714286,0,7.771428571,182.0857143,8.857142857
Nevada,2018,39,0.441859,78.3,34.88571429,56.45714286,36.5,0,4.757142857,194.5571429,9
Nevada,2018,40,0.389035,79.14285714,38.41428571,58.21428571,32.18571429,0,5.385714286,170.6,8.285714286
Nevada,2018,41,0.628229,66.74285714,46.47142857,55.55714286,54.1,0.066,5.642857143,127.6571429,5.857142857
Nevada,2018,42,0.560348,62.57142857,34.04285714,47.15714286,55.32857143,0.006,4.714285714,167.1,7.714285714
Nevada,2018,43,0.581503,63.78571429,26.08571429,43.35714286,39.71428571,0,3.8,175.3,7.428571429
Nevada,2018,44,0.549416,69.28571429,30.54285714,47.92857143,46.74285714,0,3.214285714,113.9285714,6.285714286
Nevada,2018,45,0.559854,63.32857143,30.57142857,45.14285714,50.44285714,0,4.542857143,94.48571429,5.714285714
Nevada,2018,46,0.651933,58.64285714,21.94285714,37.61428571,41.25714286,0,4.171428571,93.48571429,5.571428571
Nevada,2018,47,1.12796,55.01428571,17.12857143,32.92857143,41.8,0,2.514285714,103.5428571,5.142857143
Nevada,2018,48,1.02199,51.87142857,25.05714286,37.5,58.07142857,0.1,5.885714286,96.81428571,4
Nevada,2018,49,1.09869,45.78571429,29.07142857,36.94285714,73.05714286,0.12,5.657142857,55.24285714,3.142857143
Nevada,2018,50,1.4614,34.28571429,22.6,28.02857143,82.24285714,0.028714286,3.242857143,68.95714286,1.857142857
Nevada,2018,51,2.71733,45.05714286,24.24285714,33.34285714,65.67142857,0,4.285714286,70.4,2.142857143
Nevada,2018,52,3.36625,51.15714286,28.02857143,39,62.88571429,0.007285714,6.157142857,82.54285714,2.714285714
Nevada,2019,1,2.53674,39.94285714,24.3,31.51428571,72.08571429,0.099857143,4.828571429,67.1,2.142857143
Nevada,2019,2,2.82462,42.87142857,18.41428571,28.7,62.44285714,0.007285714,4.957142857,51.38571429,3
Nevada,2019,3,2.52211,44.3,28.17142857,35.31428571,76.27142857,0.058428571,6.042857143,56.57142857,2.285714286
Nevada,2019,4,2.5058,42.35714286,27.07142857,34.38571429,77.67142857,0.225,5.985714286,59.2,2.571428571
Nevada,2019,5,2.20367,46.15714286,21.64285714,32.57142857,72.68571429,0.076,4.457142857,185.0571429,4.142857143
Nevada,2019,6,2.29992,50.88571429,27.67142857,37.82857143,75.58571429,0.089142857,3.414285714,298.3714286,4.142857143
Nevada,2019,7,2.31839,33.28571429,17.4,25.25714286,76.55714286,0.094571429,6.742857143,270.4285714,4.428571429
Nevada,2019,8,3.64573,37.18571429,18.97142857,28.6,73.65714286,0.426,9.157142857,177.7714286,2.857142857
Nevada,2019,9,3.09885,31.11428571,10.65714286,21.84285714,72.27142857,0.044,5.057142857,133.3857143,6
Nevada,2019,10,2.88879,47.3,35.21428571,40.87142857,59.98571429,0.058,14.54285714,116.2285714,5.714285714
Nevada,2019,11,2.70949,43.62857143,31.57142857,37,71.08571429,0.100285714,6.685714286,128.5857143,5.571428571
Nevada,2019,12,2.40621,45.72857143,20.95714286,32.77142857,60.3,0.003142857,4.714285714,156.6714286,8.142857143
Nevada,2019,13,2.17391,52.94285714,29.45714286,40.91428571,61.54285714,0.047142857,5.328571429,127.2714286,6.571428571
Nevada,2019,14,1.85613,51.75714286,28.9,40.52857143,56.6,0.080714286,8.842857143,160.3571429,7.857142857
Nevada,2019,15,1.40831,54.12857143,33.34285714,43.3,64.28571429,0.053142857,5.671428571,139.9285714,6.285714286
Nevada,2019,16,1.21473,56.62857143,33.81428571,45.02857143,53.84285714,0.019,7.728571429,172.4571429,7.285714286
Nevada,2019,17,1.20858,62.91428571,36.18571429,49.78571429,50.78571429,0.003571429,7.228571429,159.8571429,8
Nevada,2019,18,1.13994,71.11428571,35.82857143,53.84285714,47.47142857,0,6.057142857,191.1,9.571428571
Nevada,2019,19,0.930651,65.12857143,33.4,50.01428571,47.38571429,0,6.2,218.1857143,9.857142857
Nevada,2019,20,0.92707,70.05714286,37.98571429,54.52857143,46.45714286,0.005285714,6.171428571,218.2571429,10
Nevada,2019,21,1.08431,62.7,39.25714286,51.11428571,50.45714286,0.026428571,8.8,181.6571429,7.571428571
Nevada,2019,22,0.910332,55.74285714,35.95714286,45.68571429,62.21428571,0.038,7.9,146.3142857,7.428571429
Nevada,2019,23,1.00892,63.37142857,40.34285714,51.6,63.72857143,0.046285714,6.242857143,190.8571429,8.857142857
Nevada,2019,24,0.933738,75.88571429,45.12857143,61.48571429,45.1,0.001428571,7.242857143,231.1714286,9.714285714
Nevada,2019,25,0.70726,82.91428571,47.2,65.92857143,41.18571429,0.003,5.442857143,240.2428571,10
Nevada,2019,26,0.733831,80.72857143,46.37142857,64.98571429,38.7,0,6,268.3428571,10
Nevada,2019,27,0.53041,76.17142857,43.05714286,60.81428571,35.07142857,0,8.142857143,232.3571429,9.428571429
Nevada,2019,28,0.487697,80.54285714,43.97142857,63.64285714,40.7,0,6.585714286,246.3142857,10
Nevada,2019,29,0.572148,84.95714286,46.17142857,66.88571429,39.45714286,0,6.328571429,227.5714286,9.571428571
Nevada,2019,30,0.405515,86.11428571,48.97142857,68.95714286,41.67142857,0,6.285714286,237.9857143,10
Nevada,2019,31,0.38866,87.55714286,55.88571429,71.87142857,48.04285714,0.016,5.557142857,221.2428571,9
Nevada,2019,32,0.402623,88.14285714,48,69.21428571,37.95714286,0,5.857142857,215.9714286,10
Nevada,2019,33,0.404329,84.54285714,49.98571429,67.71428571,40.65714286,0,6.185714286,257.5714286,9.714285714
Nevada,2019,34,0.286375,87.51428571,47.55714286,68.28571429,38.91428571,0,5.428571429,230.7285714,10
Nevada,2019,35,0.432852,87.74285714,50.38571429,69.17142857,41.02857143,0,5.5,201.0285714,9.285714286
Nevada,2019,36,0.581786,89.31428571,50.1,69.74285714,39.84285714,0,5.414285714,205.2,9.285714286
Nevada,2019,37,0.378703,85.22857143,50.24285714,68.02857143,44.62857143,0.002857143,5.071428571,152.8285714,8.142857143
Nevada,2019,38,0.39093,76.38571429,38.68571429,57.41428571,42.12857143,0,5.085714286,171.6714286,9
Nevada,2019,39,0.864067,66.8,37.62857143,52.42857143,50.31428571,0.010714286,7.328571429,136.5857143,7.714285714
Nevada,2019,40,0.867925,74.35714286,40.75714286,57.6,48.91428571,0.015285714,6.6,165.5571429,8.142857143
Nevada,2019,41,0.819311,58.07142857,31.61428571,43.82857143,51.6,0.009571429,5.528571429,150,7.857142857
Nevada,2019,42,1.22039,65.18571429,30.68571429,47.11428571,39.07142857,0,4.228571429,145.6142857,7.857142857
Nevada,2019,43,1.23402,63.77142857,30.72857143,46.97142857,43.34285714,0,5.628571429,107.2285714,6.571428571
Nevada,2019,44,1.64921,66.45714286,31.22857143,47.07142857,45.11428571,0,3.385714286,110.3,6.857142857
Nevada,2019,45,2.36328,52.85714286,21.27142857,35.52857143,33.64285714,0,4.128571429,140.5714286,6.571428571
Nevada,2019,46,3.33819,66,27.12857143,43.27142857,42.74285714,0,1.957142857,97.17142857,6
Nevada,2019,47,3.00172,63.81428571,31.04285714,45,46.77142857,0,2.5,71.55714286,4.428571429
Nevada,2019,48,3.63079,53.28571429,30.55714286,40.67142857,64.17142857,0.012571429,3.842857143,57.75714286,3.428571429
Nevada,2019,49,2.78099,36.18571429,16.35714286,27.01428571,70.15714286,0.047857143,5.442857143,40.74285714,2.428571429
Nevada,2019,50,2.43408,41.81428571,31.78571429,36.1,85.74285714,0.335857143,4.785714286,24.58571429,1.285714286
Nevada,2019,51,2.17492,46,32.5,38.44285714,72.32857143,0.074428571,6.085714286,78.9,2.714285714
Nevada,2019,52,2.13328,44.01428571,21.5,32.21428571,60.21428571,0.010571429,5.271428571,74.55714286,2.714285714
Nevada,2020,1,1.60867,38.87142857,22.58571429,30.11428571,68.58571429,0.018714286,4.285714286,61.34285714,2
Nevada,2020,2,1.5153,48.34285714,27.85714286,37.18571429,64.9,0.001428571,4.1,52.72857143,2.428571429
Nevada,2020,3,1.2459,45.18571429,21.87142857,33.5,57.24285714,0,6.214285714,47.97142857,3
Nevada,2020,4,1.82631,41.97142857,21.07142857,32.27142857,54.97142857,0.034,9.328571429,52.47142857,2.571428571
Nevada,2020,5,1.66185,49.1,28.55714286,38.7,67.35714286,0.004285714,4.128571429,64.92857143,3.142857143
Nevada,2020,6,1.70726,52.32857143,27.11428571,38.24285714,62.52857143,0.010571429,4.571428571,107.8142857,4.428571429
Nevada,2020,7,1.94682,49.64285714,18.88571429,32.48571429,49.45714286,0.003,5.657142857,142.8142857,5.857142857
Nevada,2020,8,1.71273,52.45714286,20.08571429,34.77142857,50.1,0,5.442857143,139.7,6.285714286
Nevada,2020,9,1.74049,52.74285714,24.85714286,37.52857143,45.98571429,0,4.2,130.9714286,6
Nevada,2020,10,1.62948,59.84285714,23.07142857,39.95714286,42.61428571,0,5.142857143,174.3571429,7.285714286
Nevada,2020,11,1.9072,53.98571429,27.11428571,40,53.88571429,0.020285714,7.1,176.5,5.857142857
Nevada,2020,12,1.54612,54.44285714,27.18571429,41.27142857,53.48571429,0.031285714,6.757142857,177.4714286,8.142857143
Nevada,2020,13,1.21524,42.02857143,25.34285714,32.85714286,74.71428571,0.121142857,5.728571429,142.6,6.571428571
Nevada,2020,14,1.31158,44.61428571,23.65714286,34.07142857,64.25714286,0.015142857,7.257142857,157.9285714,8.142857143
Nevada,2020,15,1.04718,52.98571429,29.41428571,41.18571429,49.8,0.001,8.042857143,149.6571429,8
Nevada,2020,16,0.863447,52.98571429,33.31428571,42.97142857,66.67142857,0.086,6.614285714,129.4285714,6.714285714
Nevada,2020,17,0.588721,59.24285714,31.55714286,45.6,46.14285714,0.013714286,6.071428571,196.9857143,9.571428571
Nevada,2020,18,0.828688,66.72857143,34.41428571,51.27142857,51.18571429,0,6.057142857,208.7142857,9.571428571
Nevada,2020,19,0.352361,72.87142857,39.4,57.04285714,45.35714286,0,6.814285714,218.1571429,9.571428571
Nevada,2020,20,0.637042,73.37142857,35.15714286,55.38571429,32.32857143,0,5.7,226.3571429,10
Nevada,2020,21,0.74491,65.47142857,40.97142857,53.3,46.17142857,0.003,8.814285714,185.2857143,8.571428571
Nevada,2020,22,0.707325,60.54285714,38.6,49.9,49.5,0.050714286,10.27142857,175.9,8
Nevada,2020,23,0.706769,81.8,42.88571429,64,40.64285714,0.007857143,6.071428571,469.6142857,9.857142857
Nevada,2020,24,0.757843,77.84285714,44.04285714,62.44285714,41.3,0.001428571,7.414285714,217.1142857,9.428571429
Nevada,2020,25,0.715373,70.7,38.11428571,55.08571429,43.37142857,0.010857143,7.314285714,227.2285714,9.428571429
Nevada,2020,26,0.946915,75.88571429,39.25714286,59.34285714,39.22857143,0,6.7,235.7142857,9.142857143
Nevada,2020,27,0.937234,89.32857143,50.84285714,71.45714286,39.78571429,0.011,5.585714286,241.7,10
Nevada,2020,28,0.569763,78.88571429,43.95714286,63.18571429,36.8,0.002714286,7.542857143,270.0428571,10
Nevada,2020,29,0.702893,87.47142857,41.98571429,66.82857143,30.08571429,0,6.8,288.9571429,10
Nevada,2020,30,0.572363,91.55714286,50.2,72.28571429,33.41428571,0,5.557142857,276.9142857,10
Nevada,2020,31,0.576734,87.75714286,51.78571429,69.6,44.12857143,0.008285714,5.514285714,232.4428571,10
Nevada,2020,32,0.636312,90.58571429,50.18571429,71.02857143,36.94285714,0.005142857,5.542857143,218.3142857,10
Nevada,2020,33,0.54582,87.8,46.81428571,68.31428571,35.68571429,0.002571429,6.057142857,199.8714286,10
Nevada,2020,34,0.586301,89.71428571,52.84285714,72.02857143,36.12857143,0.002142857,5.471428571,191.7285714,9.714285714
Nevada,2020,35,0.452562,91.71428571,55.21428571,73.58571429,37.61428571,0.012714286,5.4,159.7857143,8
Nevada,2020,36,0.676111,88.24285714,53.21428571,70.98571429,41.25714286,0.007142857,5.185714286,158.1,8
Nevada,2020,37,0.393424,90.35714286,49.38571429,70.05714286,33.41428571,0,4.214285714,170.2571429,8
Nevada,2020,38,0.452773,81.42857143,43.47142857,62.07142857,32.32857143,0,4.8,137.1142857,6.857142857
Nevada,2020,39,0.383087,80.44285714,42.27142857,60.71428571,36.21428571,0,4.757142857,126.7571429,5.857142857
Nevada,2020,40,0.577082,81.37142857,42.72857143,61.94285714,35.44285714,0,5.842857143,160.3714286,6.714285714
Nevada,2020,41,0.647313,80.52857143,38.32857143,58.52857143,35.3,0,3.585714286,129.6857143,6.142857143
Nevada,2020,42,0.507726,77.74285714,35.72857143,55.64285714,34.71428571,0,3.957142857,92.14285714,4.714285714
Nevada,2020,43,0.835599,75.1,34.98571429,53.54285714,41.51428571,0,3.7,69.44285714,4.714285714
Nevada,2020,44,0.835934,71.37142857,31.64285714,49.9,42.04285714,0,3.885714286,57.48571429,3.857142857
Nevada,2020,45,1.61309,62.12857143,22.5,40.65714286,33.28571429,0,4.028571429,38.77142857,2.714285714
Nevada,2020,46,1.40744,65.12857143,27.82857143,44.8,39.21428571,0.007285714,5.128571429,33.24285714,2.142857143
Nevada,2020,47,1.46653,43.01428571,19.15714286,31.22857143,63.52857143,0.074142857,5.485714286,39.7,2
Nevada,2020,48,1.75416,53.47142857,27.9,39.92857143,60.42857143,0.086714286,7.085714286,48.2,2.428571429
Nevada,2020,49,2.04537,47.75714286,21.81428571,33.51428571,60.88571429,0,4.3,53.52857143,2.714285714
Nevada,2020,50,0.898242,50.45714286,17.41428571,31.12857143,62.62857143,0,2.471428571,35.25714286,2
Nevada,2020,51,1.70358,49.3,22.22857143,34.57142857,54.05714286,0.000857143,5.157142857,32.15714286,2
Nevada,2020,52,2.15174,44.48571429,21.91428571,32.31428571,76.31428571,0.078,3.828571429,33.34285714,1.857142857
Nevada,2020,53,2.29266,46.1,18.34285714,31.6,63.31428571,0.012,5.785714286,31.42857143,1.857142857
Nevada,2021,1,1.84767,41.75714286,20.44285714,30.72857143,69.57142857,0.011,3.857142857,38.88571429,2
Nevada,2021,2,1.27592,48.24285714,23.3,34.24285714,61.34285714,0.015285714,5.757142857,33.34285714,1.714285714
Nevada,2021,3,1.21635,54.58571429,24.65714286,37.42857143,64.87142857,0,3.257142857,43.94285714,2.285714286
Nevada,2021,4,1.5291,46.14285714,22.85714286,33.31428571,57.21428571,0.007857143,5.642857143,67.3,3.571428571
Nevada,2021,5,0.972424,34.82857143,21.54285714,28.37142857,79.77142857,0.139142857,6.657142857,46.5,2.714285714
Nevada,2021,6,0.800827,47.25714286,23.08571429,34.05714286,63.92857143,0.005714286,6.942857143,79.27142857,4
Nevada,2021,7,0.38133,51.3,27.07142857,38.42857143,63.82857143,0.076571429,5.185714286,92.88571429,4.571428571
Nevada,2021,8,0.487013,44.51428571,25.9,35.2,58.67142857,0.010142857,7.3,106.4,5.571428571
Nevada,2021,9,0.427416,49.04285714,17.84285714,32.17142857,51.7,0,5.171428571,152.3428571,6.571428571
Nevada,2021,10,0.839989,54.74285714,21.72857143,37.34285714,43.87142857,0.002857143,5.514285714,166.7571429,6.714285714
Nevada,2021,11,0.869943,46.04285714,22.92857143,34.3,56.42857143,0.021285714,6.457142857,161.4142857,6.714285714
Nevada,2021,12,0.853106,49.91428571,30.15714286,39.37142857,51.05714286,0.029428571,8.6,166.3571429,6.857142857
Nevada,2021,13,0.571882,50.41428571,25.04285714,37.4,47.57142857,0.005,7.071428571,185.3571429,7.285714286
Nevada,2021,14,1.2026,65.37142857,26.24285714,46.51428571,33.21428571,0,5.9,261.7285714,8.857142857
Nevada,2021,15,0.420816,66.05714286,30.4,48.75714286,38,0.002285714,6.385714286,258.8857143,8.714285714
Nevada,2021,16,0.473934,57.88571429,29.8,43.75714286,47.97142857,0.057428571,5.728571429,237.7285714,8.857142857
Nevada,2021,17,0.536121,65.78571429,34.11428571,50.41428571,37.78571429,0.000428571,7.185714286,268.8285714,9.571428571
Nevada,2021,18,0.962464,65.55714286,34.34285714,49.98571429,40.97142857,0.000857143,7.114285714,243.3428571,9
Nevada,2021,19,1.13027,71.25714286,37.27142857,55.27142857,37.52857143,0,6.485714286,288.1857143,9.428571429
Nevada,2021,20,0.966184,73,35.94285714,55.95714286,35.92857143,0.001428571,5.657142857,285.2714286,9
Nevada,2021,21,0.406209,62.15714286,37.35714286,49.75714286,54.71428571,0.033714286,8.428571429,242.2,9.714285714
Nevada,2021,22,0.682247,72.28571429,37.75714286,56.1,42.44285714,0.000428571,6.142857143,281.7571429,9.428571429
Nevada,2021,23,1.00386,88.5,46.35714286,69.2,33.32857143,0.005428571,5.171428571,305.5714286,10
Nevada,2021,24,1.85606,73.92857143,42.31428571,58.8,32.87142857,0,8.671428571,307.4571429,10
Nevada,2021,25,0.852619,89.28571429,49.38571429,70.71428571,34.22857143,0,6.728571429,308.4571429,10
Nevada,2021,26,1.70397,86.61428571,50.87142857,70.22857143,35.98571429,0.006285714,6.142857143,306.6428571,9.857142857
Nevada,2021,27,1.47,92.8,55.2,74.77142857,38.77142857,0.003857143,5.657142857,304.8285714,10
Nevada,2021,28,1.51193,94.34285714,56.58571429,76.37142857,33.81428571,0.005285714,6.057142857,297.0285714,9.857142857
Nevada,2021,29,0.935222,93.94285714,53.9,75.34285714,27.95714286,0,6.528571429,290.9285714,9.857142857
Nevada,2021,30,2.08805,89.97142857,53.67142857,72.7,34.25714286,0.008571429,5.614285714,229.6857143,8.142857143
Nevada,2021,31,2.05858,88.41428571,57.6,72.21428571,41.51428571,0.007285714,5.442857143,161.0142857,7.571428571
Nevada,2021,32,2.1799,89.64285714,51.75714286,71.65714286,28.88571429,0,5.9,247.1428571,8.857142857
Nevada,2021,33,2.61554,92.02857143,52.52857143,72.94285714,31.94285714,0,4.914285714,232.3714286,8.571428571
Nevada,2021,34,2.03847,82.38571429,51.02857143,67.51428571,33.02857143,0,6.128571429,172.1142857,6.428571429
Nevada,2021,35,2.51427,81.5,41.98571429,62.08571429,37.04285714,0,4.471428571,170,7.142857143
Nevada,2021,36,1.55654,84.34285714,42.25714286,63.3,28.88571429,0,4.314285714,163.9142857,6.571428571
Nevada,2021,37,2.5368,87.7,49.45714286,68.68571429,36.08571429,0.008285714,4.685714286,167.9571429,7.285714286
Nevada,2021,38,2.0175,82.52857143,43.98571429,63.77142857,32.77142857,0,5.428571429,168.5428571,7.142857143
Nevada,2021,39,2.02759,77.78571429,40.95714286,59.41428571,35.14285714,0,5.957142857,145.6714286,6.428571429
Nevada,2021,40,2.15848,71.92857143,36.94285714,54.3,31.3,0,5.742857143,131.4285714,6.142857143
Nevada,2021,41,1.71037,67.78571429,39.24285714,52.97142857,41.22857143,0.012142857,5.7,93.1,4.857142857
Nevada,2021,42,1.94034,59.47142857,26.35714286,41.77142857,46.91428571,0.015285714,5.642857143,75.67142857,5
Nevada,2021,43,2.22663,57.98571429,38.3,47.7,56.07142857,0.047142857,8.7,59.77142857,3.428571429
Nevada,2021,44,1.74385,57.65714286,36.64285714,46.05714286,71.72857143,0.523,5.871428571,43.48571429,2.285714286
Nevada,2021,45,1.80188,62.3,38.14285714,50.07142857,51.05714286,0.003285714,7.028571429,63.91428571,3.714285714
Nevada,2021,46,1.85384,58.11428571,31.68571429,43.67142857,67.42857143,0.047,5.114285714,58.97142857,3.142857143
Nevada,2021,47,2.36619,59.01428571,31.81428571,44.52857143,55.3,0,5.028571429,71.57142857,3.714285714
Nevada,2021,48,2.33819,52.75714286,21.04285714,34.55714286,56.32857143,0,2.828571429,69.67142857,4.142857143
Nevada,2021,49,2.26864,59.65714286,23.15714286,37.27142857,62.48571429,0,2.085714286,50.55714286,2.857142857
Nevada,2021,50,2.47185,46.67142857,23.95714286,34.55714286,73.58571429,0.044285714,3.857142857,36.77142857,1.857142857
Nevada,2021,51,3.58827,38.55714286,20.84285714,30.08571429,76.45714286,0.182571429,9.142857143,28.84285714,1.714285714
Nevada,2021,52,3.71423,42.12857143,24.82857143,32.8,73.7,0.277,7.285714286,35.17142857,2
Nevada,2022,1,3.61948,33.55714286,18.62857143,26.5,71.22857143,0.043714286,8.042857143,34.54285714,2
Nevada,2022,2,3.32691,46.97142857,27.31428571,36.78571429,60.22857143,0.001571429,8.314285714,53.08571429,2.857142857
Nevada,2022,3,3.04405,47.37142857,19.38571429,31.17142857,68.55714286,0,2.871428571,58.05714286,2.857142857
Nevada,2022,4,2.28944,46.32857143,19.65714286,30.95714286,69.81428571,0,2.771428571,73.65714286,3.857142857
Nevada,2022,5,1.95511,46.35714286,13.92857143,27.8,63.44285714,0,2.557142857,65.9,3.857142857
Nevada,2022,6,1.7004,45.48571429,16.02857143,29.12857143,52.41428571,0,3.842857143,73.8,3.714285714
Nevada,2022,7,1.93097,56.65714286,19.07142857,35.58571429,56.31428571,0,2.9,92.71428571,5.142857143
Nevada,2022,8,1.7755,52.85714286,20.11428571,35.38571429,55.1,0.004857143,5.814285714,109.7714286,5.285714286
Nevada,2022,9,1.58131,38.88571429,14.41428571,26.65714286,58.48571429,0.028571429,6.5,113.6571429,5.428571429
Nevada,2022,10,1.4658,56.05714286,25.81428571,40.08571429,54.47142857,0.002428571,5.242857143,134.6714286,6
Nevada,2022,11,1.86854,49.78571429,20.54285714,34.98571429,45.04285714,0.001428571,6,185.3714286,7.285714286
Nevada,2022,12,1.84492,55.35714286,30.64285714,43.1,49.41428571,0.004142857,7.214285714,160.7142857,6.571428571
Nevada,2022,13,1.89931,66.38571429,31.44285714,49.04285714,48.74285714,0,5,217.3428571,7.857142857
Nevada,2022,14,1.86451,60.34285714,34.61428571,47.31428571,51.38571429,0.022857143,5.728571429,174.4714286,7
Nevada,2022,15,2.24008,66,34.14285714,50.25714286,36.72857143,0,7.028571429,242.0857143,9.142857143
Nevada,2022,16,2.05803,49.55714286,30.02857143,40.42857143,46.6,0.034571429,11.6,202.6285714,8.285714286
Nevada,2022,17,2.2907,55.35714286,31.5,43.84285714,51.75714286,0.052285714,10.15714286,223.6857143,8.571428571
Nevada,2022,18,2.52017,63.07142857,33.55714286,49.02857143,40.54285714,0,7.114285714,274.0285714,9.714285714
Nevada,2022,19,2.56775,65.74285714,38.41428571,52.65714286,37.51428571,0.003714286,10.58571429,292.9142857,9.714285714
Nevada,2022,20,3.26289,54.98571429,28.24285714,42.55714286,49.57142857,0.011,7.485714286,243.0142857,9.142857143
Nevada,2022,21,3.30382,73.15714286,39.11428571,57.14285714,33.72857143,0,6.628571429,305.6714286,10
Nevada,2022,22,3.66462,77.04285714,42.38571429,60.54285714,37.21428571,0.001142857,6.9,272.4142857,10
Nevada,2022,23,2.79562,71.68571429,43.61428571,58.27142857,37.45714286,0,7.857142857,224.6142857,8.285714286
Nevada,2022,24,2.74878,83.65714286,49.45714286,67.24285714,37.24285714,0,7.285714286,267.2285714,9.857142857
Nevada,2022,25,2.28254,71.72857143,45.21428571,59.6,35.14285714,0.015142857,10.82857143,270.0714286,9.571428571
Nevada,2022,26,2.51628,79.27142857,43.1,62.94285714,37.35714286,0.001857143,5.671428571,263.7571429,9.428571429
Nevada,2022,27,2.25032,87,48.82857143,69.58571429,28.5,0,7.471428571,303.7428571,10
Nevada,2022,28,1.75488,81.32857143,47.4,65.81428571,39.52857143,0,7.542857143,277.9857143,9.857142857
Nevada,2022,29,1.88012,92.71428571,52.94285714,74,32.7,0,5.985714286,292.9142857,10
Nevada,2022,30,1.48768,91.72857143,54.72857143,74.41428571,29.62857143,0,6.471428571,289.7714286,10
Nevada,2022,31,1.29481,94.12857143,57.81428571,76.78571429,30.4,0,4.542857143,237.9857143,9.285714286
Nevada,2022,32,1.19355,85.08571429,59.01428571,71.44285714,54.77142857,0.128428571,4.914285714,179.6714286,7
Nevada,2022,33,1.40135,87.77142857,53.98571429,71.21428571,42.8,0,5.671428571,248.9142857,9.428571429
Nevada,2022,34,1.30581,88.7,51.62857143,70.4,38.15714286,0.014142857,4.942857143,225.5857143,9
Nevada,2022,35,1.29068,90.45714286,49.85714286,71.2,29.87142857,0,6.071428571,263.8571429,9.428571429
Nevada,2022,36,1.24342,92.88571429,52.42857143,73.4,32.15714286,0,5.357142857,221.7285714,9
Nevada,2022,37,1.23303,92.38571429,52.58571429,73.02857143,32.85714286,0.000571429,4.428571429,167.1571429,7.142857143
Nevada,2022,38,1.30551,76,45.41428571,60.85714286,47.6,0.005428571,5.642857143,138.2857143,6.428571429
Nevada,2022,39,1.12514,65.54285714,42.74285714,53.54285714,61.68571429,0.054142857,5.4,102.8857143,4.714285714
Nevada,2022,40,0.853112,79.75714286,41.94285714,61.28571429,40.75714286,0,5.1,133.9857143,6.857142857
Nevada,2022,41,0.89557,78.71428571,36.68571429,57.38571429,39.41428571,0,3.1,115.7285714,7.142857143
Nevada,2022,42,1.1436,77.01428571,36.38571429,55.62857143,37.75714286,0.001571429,3.342857143,93.31428571,6.142857143
Nevada,2022,43,1.36133,73.32857143,32.94285714,52.18571429,36.6,0.004285714,4.957142857,63.72857143,4.285714286
Nevada,2022,44,1.64643,56.85714286,25.7,40.98571429,45.07142857,0,4.557142857,50.1,3
Nevada,2022,45,2.02713,51.81428571,27.01428571,39.32857143,55.08571429,0.034857143,5.871428571,43.52857143,2.571428571
Nevada,2022,46,2.60814,42.82857143,24.7,33.14285714,68.27142857,0.075714286,7.6,35.54285714,1.714285714
Nevada,2022,47,3.7994,42.45714286,15.08571429,27.75714286,68.12857143,0.003571429,3.342857143,32,1.857142857
Nevada,2022,48,3.59971,49.32857143,16.38571429,30.61428571,62,0,2.642857143,35.37142857,1.857142857
Nevada,2022,49,3.35544,43.34285714,18.07142857,31.52857143,62.1,0.049714286,7.442857143,35.32857143,1.714285714
Nevada,2022,50,3.44763,40.42857143,22.98571429,31.82857143,68.17142857,0.220285714,7.442857143,41.12857143,2.142857143
Nevada,2022,51,2.83962,32.81428571,16.05714286,24.02857143,80.48571429,0.056571429,3.542857143,76.84285714,4
Nevada,2022,52,2.81571,40.74285714,20.14285714,28.9,80.71428571,0,2.157142857,79.15714286,3.714285714
Nevada,2023,1,1.59684,47.45714286,31.04285714,38.52857143,75.78571429,0.818714286,8.085714286,52.38571429,3
Nevada,2023,2,0.974166,34.12857143,19.75714286,27.92857143,81.45714286,0.132428571,5.514285714,54.11428571,2.428571429
Nevada,2023,3,0.75619,40.72857143,31.7,35.91428571,80.05714286,0.316428571,7.728571429,59.64285714,3
Nevada,2023,4,0.911711,33.07142857,14,23.71428571,79.07142857,0.053428571,4.457142857,103.1285714,4.285714286
Nevada,2023,5,0.903017,38.65714286,13.58571429,24.12857143,70.48571429,0.000571429,3.657142857,138.9,5.571428571
Nevada,2023,6,0.843965,35.32857143,11.11428571,22.84285714,68.52857143,0.030714286,4.071428571,122.7142857,5.142857143
Nevada,2023,7,0.969032,47.82857143,23.45714286,33.75714286,68.61428571,0.024428571,4.857142857,132.3285714,5.571428571
Nevada,2023,8,1.07638,42.47142857,18.34285714,29.2,56.34285714,0.000857143,5,155.9142857,6.142857143
Nevada,2023,9,0.969766,38.64285714,21.32857143,29.62857143,69.08571429,0.092428571,7.071428571,107.0571429,4.857142857
Nevada,2023,10,0.903753,35.17142857,19.77142857,27.45714286,68.31428571,0.488714286,9.928571429,136.1285714,6
Nevada,2023,11,1.04965,37.67142857,22.68571429,30.64285714,69.35714286,1.488,9.328571429,144.0857143,6.142857143
Nevada,2023,12,0.93986,48.14285714,30.31428571,39.12857143,65.78571429,0.077428571,6.642857143,175.0857143,7.142857143
Nevada,2023,13,0.931099,41.74285714,28.54285714,34.95714286,63.75714286,0.038714286,6.7,178.9142857,6.571428571
Nevada,2023,14,0.712713,45.41428571,24.05714286,34.31428571,57.3,0.081571429,8.542857143,210.5285714,7.857142857
Nevada,2023,15,0.776484,48.32857143,26.2,37.55714286,50.47142857,0.011142857,7.957142857,233.4142857,8.714285714
Nevada,2023,16,0.992872,61.48571429,32.92857143,47.25714286,44.51428571,0,6.714285714,279.0714286,8.857142857
Nevada,2023,17,0.752623,56.27142857,29.7,43.94285714,44.08571429,0.007285714,7.142857143,275.7428571,8.857142857
Nevada,2023,18,0.595818,71.48571429,35.64285714,54.02857143,40.4,0,5.685714286,299.4142857,9
Nevada,2023,19,0.711485,53.92857143,37.34285714,45.85714286,60.25714286,0.087142857,8.042857143,211.6714286,8.857142857
Nevada,2023,20,0.818397,63.64285714,34.41428571,49.92857143,48.71428571,0.004142857,6.614285714,322.9142857,9.857142857
Nevada,2023,21,0.623917,77.41428571,41.88571429,60.58571429,45.54285714,0.011857143,5.471428571,305.4285714,9.857142857
Nevada,2023,22,0.646254,72.48571429,43.14285714,58.27142857,55.74285714,0.019142857,5.7,266.3142857,9.571428571
Nevada,2023,23,1.37566,71.95714286,41.75714286,57.15714286,58.11428571,0.047428571,5.085714286,300.3714286,9.714285714
Nevada,2023,24,1.49805,73.21428571,46.94285714,59,56.25714286,0.017571429,5.457142857,235.1857143,9.285714286
Nevada,2023,25,1.36243,73.25714286,46.05714286,60.04285714,59.17142857,0.044857143,5.1,281.4285714,9.714285714
Nevada,2023,26,1.29073,69.6,43.92857143,57.58571429,40.42857143,0.000428571,7.685714286,318.9,10
Nevada,2023,27,1.16425,79.6,47.32857143,64.65714286,46.45714286,0,5.1,331.8142857,10
Nevada,2023,28,0.479808,87.5,52.4,71.35714286,38.67142857,0,6.028571429,339.4285714,10
Nevada,2023,29,0.467527,88.84285714,49.01428571,70.04285714,35.62857143,0,5.671428571,340.9428571,10
Nevada,2023,30,0.541951,94.77142857,57.95714286,76.57142857,33.07142857,0,5.385714286,320.7571429,10
Nevada,2023,31,0.640836,90.01428571,55.12857143,73.64285714,26.18571429,0,6.228571429,314.8571429,9.857142857
Nevada,2023,32,0.456178,86.27142857,53.4,70.58571429,34.38571429,0,5.642857143,307.6571429,9.571428571
Nevada,2023,33,0.485201,86.11428571,50.64285714,69.18571429,39.78571429,0.000571429,5.3,307.3857143,9.571428571
Nevada,2023,34,0.409953,85.04285714,55.62857143,69.67142857,51.62857143,0.017285714,4.7,239.9,9.714285714
Nevada,2023,35,0.437445,76.97142857,52.47142857,64.47142857,61.11428571,0.044,4.285714286,223.7428571,8.571428571
Nevada,2023,36,0.697202,80.3,47.94285714,64.97142857,42.32857143,0.047285714,6.485714286,223.8,8.714285714
Nevada,2023,37,0.623853,76,44.08571429,60.7,54.51428571,0.018571429,4.485714286,203.3285714,8.285714286
Nevada,2023,38,0.524138,80.65714286,45.72857143,63.71428571,44.47142857,0,3.914285714,219.6142857,8.428571429
Nevada,2023,39,0.7083,73.64285714,41.94285714,57.5,50.34285714,0.003428571,4.728571429,193.1714286,8.285714286
Nevada,2023,40,1.76298,71.9,39.47142857,56.02857143,43.54285714,0.010857143,6.085714286,169.3,7.428571429
Nevada,2023,41,1.85929,67.87142857,38.94285714,52.95714286,61.02857143,0.006142857,3.885714286,164.9142857,7.857142857
Nevada,2023,42,2.03781,67.78571429,38.32857143,52.74285714,45.81428571,0.001285714,5.8,152.3571429,7.142857143
Nevada,2023,43,2.19434,76.62857143,35.92857143,54.61428571,46.84285714,0,3.028571429,144.9571429,6.857142857
Nevada,2023,44,2.27677,58.17142857,32.94285714,45.15714286,53.1,0.007285714,6.042857143,130.3142857,6.428571429
Nevada,2023,45,2.657,62.9,24.85714286,42.01428571,44.44285714,0,3.357142857,127.4142857,5.857142857
Nevada,2023,46,3.20529,54.04285714,30.68571429,40.67142857,57.6,0.053571429,5.585714286,120.1428571,6.142857143
Nevada,2023,47,3.22932,56.32857143,29.92857143,42.05714286,58.44285714,0.036428571,4.328571429,94.97142857,4.857142857
Nevada,2023,48,4.07278,45,22.62857143,33.25714286,64.08571429,0.008428571,3.914285714,100.8428571,5
